{"Asgardarchaeota": [0.18995, 0.07176, 0.23217, 1.0], "Euryarchaeota": [0.23915, 0.20833, 0.54686, 1.0], "Halobacterota": [0.26967, 0.34878, 0.79631, 1.0], "": [0.24427, 0.60937, 0.99697, 1.0], "Acidobacteriota": [0.22039, 0.64901, 0.98436, 1.0], "Actinobacteriota": [0.18625, 0.69775, 0.95498, 1.0], "Amorphea": [0.15844, 0.73551, 0.92305, 1.0], "Armatimonadota": [0.12698, 0.78037, 0.8759, 1.0], "Bacteroidota": [0.10738, 0.81381, 0.83484, 1.0], "Bdellovibrionota": [0.09532, 0.84455, 0.79299, 1.0], "Caldisericota": [0.09451, 0.87844, 0.74265, 1.0], "Chloroflexi": [0.10815, 0.90142, 0.70599, 1.0], "Cloacimonadota": [0.14391, 0.9268, 0.65448, 1.0], "Cyanobacteria": [0.18491, 0.94484, 0.60713, 1.0], "Dadabacteria": [0.24797, 0.96423, 0.54303, 1.0], "Deinococcota": [0.30513, 0.97697, 0.48987, 1.0], "Dependentiae": [0.38127, 0.98909, 0.42386, 1.0], "Desulfobacterota": [0.44321, 0.99551, 0.37345, 1.0], "Elusimicrobiota": [0.50362, 0.99879, 0.32701, 1.0], "FCPU426": [0.57357, 0.99817, 0.27712, 1.0], "Firmicutes": [0.62233, 0.99366, 0.24579, 1.0], "Gemmatimonadota": [0.67462, 0.98246, 0.2196, 1.0], "Hydrogenedentes": [0.71577, 0.96875, 0.20815, 1.0], "Latescibacterota": [0.76608, 0.94627, 0.20311, 1.0], "Margulisbacteria": [0.80473, 0.92452, 0.20459, 1.0], "Myxococcota": [0.8501, 0.89328, 0.21074, 1.0], "Nitrospirota": [0.88331, 0.86553, 0.21719, 1.0], "Patescibacteria": [0.92004, 0.82806, 0.22456, 1.0], "Planctomycetota": [0.94489, 0.79634, 0.228, 1.0], "Proteobacteria": [0.96507, 0.76352, 0.22754, 1.0], "SAR324_cladeMarine_group_B": [0.98289, 0.7214, 0.21918, 1.0], "Spirochaetota": [0.99163, 0.68408, 0.20706, 1.0], "Sumerlaeota": [0.99654, 0.63193, 0.18738, 1.0], "Synergistota": [0.99593, 0.58703, 0.16899, 1.0], "Thermoplasmatota": [0.98987, 0.52854, 0.14398, 1.0], "Verrucomicrobiota": [0.98108, 0.48104, 0.12332, 1.0], "WOR-1": [0.96555, 0.42241, 0.09798, 1.0], "WPS-2": [0.94977, 0.37729, 0.07905, 1.0], "WS1": [0.92623, 0.32473, 0.05837, 1.0], "midas_p_113571": [0.90463, 0.28696, 0.04516, 1.0], "midas_p_114104": [0.88066, 0.25334, 0.03521, 1.0], "midas_p_116209": [0.84662, 0.21407, 0.02487, 1.0], "midas_p_120143": [0.81608, 0.18462, 0.01809, 1.0], "midas_p_12349": [0.77377, 0.15028, 0.01148, 1.0], "midas_p_25076": [0.73661, 0.12477, 0.00769, 1.0], "midas_p_31827": [0.68602, 0.09536, 0.00481, 1.0], "midas_p_38457": [0.64223, 0.0738, 0.00401, 1.0], "midas_p_43884": [0.58336, 0.04931, 0.00486, 1.0], "midas_p_49974": [0.53295, 0.03169, 0.00705, 1.0]}