{
  "n_asv": 3950,
  "region": "V4-V5 (515F/926R)",
  "n_region_matched_refs": 97624,
  "best_cosine": {
    "mean": 0.9949,
    "median": 0.9985,
    "p5": 0.9883,
    "p25": 0.9956,
    "p75": 0.9995,
    "p95": 1.0,
    "min": 0.7754,
    "max": 1.0
  },
  "novel_fraction(best<0.90)": 0.011139240506329114,
  "match_ge_0.97": 0.9870886075949367,
  "match_ge_0.99": 0.930126582278481,
  "genus_concordance_rate(of ASVs with MiDAS genus)": 0.18759493670886077,
  "n_asv_with_midas_genus": 3950,
  "naive_best_cosine": {
    "mean": 0.9895,
    "median": 0.9907,
    "p5": 0.9819,
    "p25": 0.9883,
    "p75": 0.9932,
    "p95": 0.9956,
    "min": 0.8779,
    "max": 0.998
  },
  "region_match_cosine_gain_mean": 0.0053
}